code,num_per_ages
203096,[]
17997,[]
181925,"['2%', '44%', '30%', '15%', '9%']"
195979,[]
138113,[]
197517,"['0%', '100%', '0%', '0%', '0%']"
155356,"['6%', '61%', '19%', '10%', '4%']"
168668,"['0%', '39%', '22%', '11%', '28%']"
156023,[]
151155,[]
143776,"['0%', '38%', '31%', '15%', '15%']"
168735,"['0%', '33%', '17%', '28%', '22%']"
142683,"['1%', '41%', '29%', '15%', '13%']"
199742,[]
167675,"['0%', '0%', '100%', '0%', '0%']"
151241,"['6%', '42%', '31%', '8%', '12%']"
154667,"['3%', '47%', '29%', '16%', '5%']"
164269,"['0%', '0%', '62%', '38%', '0%']"
159366,"['3%', '41%', '39%', '13%', '3%']"
162874,"['0%', '38%', '38%', '16%', '9%']"
158180,"['3%', '47%', '25%', '19%', '7%']"
167638,"['4%', '52%', '24%', '14%', '6%']"
180209,"['1%', '33%', '32%', '24%', '10%']"
161834,"['0%', '50%', '50%', '0%', '0%']"
172454,"['5%', '61%', '22%', '9%', '3%']"
158112,"['6%', '52%', '21%', '16%', '6%']"
167651,"['2%', '38%', '30%', '21%', '8%']"
164192,"['2%', '50%', '26%', '15%', '7%']"
171744,[]
143422,"['25%', '50%', '25%', '0%', '0%']"
130811,"['50%', '25%', '0%', '25%', '0%']"
195980,[]
168749,"['10%', '63%', '21%', '4%', '2%']"
142210,"['0%', '39%', '17%', '28%', '17%']"
159892,"['3%', '51%', '24%', '16%', '6%']"
164150,"['0%', '0%', '0%', '100%', '0%']"
158191,"['4%', '44%', '26%', '18%', '7%']"
194581,[]
142255,"['1%', '48%', '30%', '15%', '6%']"
199262,[]
194416,[]
190313,[]
179338,"['0%', '0%', '0%', '100%', '0%']"
190244,"['0%', '67%', '33%', '0%', '0%']"
193100,[]
190341,[]
177332,"['0%', '33%', '33%', '0%', '33%']"
188765,"['9%', '9%', '45%', '27%', '9%']"
190723,[]
182348,"['4%', '39%', '34%', '12%', '12%']"
194398,[]
181114,"['14%', '55%', '18%', '9%', '4%']"
183854,"['1%', '37%', '33%', '21%', '9%']"
191591,[]
186342,[]
200586,[]
198329,[]
202353,[]
191633,"['4%', '18%', '43%', '31%', '3%']"
200582,[]
194723,[]
196525,[]
189141,"['6%', '49%', '25%', '14%', '6%']"
192146,"['0%', '33%', '33%', '33%', '0%']"
201218,[]
110026,[]
201669,[]
199869,[]
168972,[]
10676,"['0%', '41%', '30%', '19%', '11%']"
196581,[]
200746,[]
185935,[]
194195,[]
164956,"['0%', '83%', '17%', '0%', '0%']"
195757,[]
199236,[]
173418,[]
11003,[]
96984,"['0%', '100%', '0%', '0%', '0%']"
95473,"['0%', '100%', '0%', '0%', '0%']"
183839,[]
42869,[]
168019,"['4%', '64%', '20%', '0%', '12%']"
159863,"['19%', '56%', '19%', '6%', '0%']"
37370,[]
62341,[]
179399,"['0%', '50%', '50%', '0%', '0%']"
185150,"['0%', '80%', '13%', '7%', '0%']"
171455,"['0%', '50%', '17%', '33%', '0%']"
180385,"['67%', '33%', '0%', '0%', '0%']"
174530,"['0%', '21%', '38%', '29%', '12%']"
198607,[]
200575,[]
199406,"['0%', '60%', '0%', '20%', '20%']"
192898,[]
179307,"['4%', '55%', '25%', '10%', '5%']"
177508,"['0%', '46%', '39%', '8%', '7%']"
177400,[]
175393,"['2%', '32%', '34%', '22%', '11%']"
189001,"['2%', '50%', '27%', '12%', '9%']"
166092,"['4%', '42%', '25%', '20%', '9%']"
193970,"['25%', '25%', '50%', '0%', '0%']"
107204,[]
200784,[]
154672,"['1%', '9%', '57%', '31%', '2%']"
190729,[]
191677,"['0%', '67%', '0%', '0%', '33%']"
198749,[]
191585,"['0%', '60%', '40%', '0%', '0%']"
194870,[]
200589,[]
180025,"['2%', '36%', '28%', '28%', '6%']"
152385,"['4%', '53%', '22%', '15%', '6%']"
153620,"['6%', '66%', '18%', '6%', '4%']"
189104,[]
179879,[]
179875,"['1%', '38%', '30%', '22%', '9%']"
198754,"['0%', '17%', '50%', '17%', '17%']"
181704,"['1%', '40%', '38%', '11%', '10%']"
199876,[]
199865,[]
193570,[]
192152,[]
11547,[]
167495,[]
188471,[]
159866,"['3%', '34%', '34%', '24%', '6%']"
185933,"['3%', '34%', '27%', '26%', '10%']"
202609,[]
191998,[]
199428,[]
195105,[]
207762,[]
189357,[]
159167,[]
192624,"['0%', '75%', '12%', '0%', '12%']"
198414,[]
129407,[]
197283,[]
172118,"['1%', '6%', '56%', '35%', '2%']"
181965,[]
192148,[]
193170,[]
178143,[]
193868,[]
196389,[]
155406,[]
150657,[]
30782,[]
191560,[]
52593,[]
162148,"['0%', '55%', '18%', '9%', '18%']"
154508,"['5%', '49%', '34%', '11%', '1%']"
168405,"['8%', '56%', '10%', '22%', '4%']"
159805,"['2%', '42%', '32%', '17%', '8%']"
187366,"['0%', '6%', '73%', '20%', '0%']"
188874,[]
189260,"['5%', '50%', '23%', '15%', '6%']"
56447,[]
182049,[]
193974,[]
191940,[]
187548,[]
188469,[]
164936,[]
193870,[]
140656,"['0%', '40%', '20%', '20%', '20%']"
208974,[]
130708,[]
196978,[]
196808,[]
197281,[]
170860,"['0%', '0%', '0%', '100%', '0%']"
192141,[]
168045,"['0%', '30%', '40%', '13%', '17%']"
182360,"['5%', '44%', '22%', '23%', '7%']"
96951,"['0%', '42%', '33%', '18%', '7%']"
181381,"['1%', '32%', '32%', '23%', '12%']"
179482,"['4%', '45%', '31%', '15%', '6%']"
185838,"['2%', '41%', '35%', '15%', '7%']"
178544,"['4%', '40%', '28%', '20%', '8%']"
196570,"['0%', '50%', '0%', '50%', '0%']"
195590,[]
155399,[]
195417,[]
195982,[]
180390,"['2%', '43%', '29%', '18%', '8%']"
165828,[]
178526,"['3%', '38%', '27%', '22%', '9%']"
154029,"['1%', '43%', '36%', '12%', '9%']"
189000,"['4%', '46%', '29%', '12%', '9%']"
181703,[]
76960,"['0%', '33%', '38%', '20%', '9%']"
196380,[]
193686,[]
184520,[]
194884,[]
186614,[]
107072,[]
195431,[]
92001,[]
193173,[]
186613,"['5%', '49%', '23%', '15%', '9%']"
102802,[]
172789,[]
212271,[]
192480,[]
74902,[]
187349,"['3%', '35%', '24%', '28%', '11%']"
188057,[]
195092,[]
183110,"['3%', '42%', '27%', '19%', '9%']"
179719,[]
186611,[]
194321,[]
209442,[]
85578,"['2%', '48%', '28%', '15%', '6%']"
174807,"['1%', '40%', '45%', '7%', '7%']"
175365,"['0%', '8%', '74%', '18%', '0%']"
177975,"['0%', '0%', '0%', '100%', '0%']"
154986,"['0%', '57%', '43%', '0%', '0%']"
202670,[]
189961,[]
193833,[]
192486,[]
201657,[]
202535,[]
177510,"['10%', '62%', '16%', '6%', '6%']"
190447,"['0%', '12%', '62%', '25%', '0%']"
203213,[]
181046,"['20%', '60%', '20%', '0%', '0%']"
159070,"['1%', '31%', '22%', '25%', '20%']"
168508,[]
174294,"['0%', '55%', '9%', '18%', '18%']"
164104,"['6%', '63%', '28%', '3%', '1%']"
198774,[]
181541,[]
63850,[]
189537,"['4%', '40%', '35%', '14%', '7%']"
197339,[]
177374,"['5%', '40%', '23%', '22%', '11%']"
169078,"['4%', '43%', '26%', '17%', '10%']"
172795,[]
181971,[]
186821,"['2%', '43%', '31%', '14%', '10%']"
182355,"['2%', '42%', '30%', '19%', '6%']"
182017,[]
185340,[]
194802,[]
194803,[]
191002,[]
193856,[]
190720,"['0%', '40%', '39%', '8%', '13%']"
194318,[]
193488,[]
194726,[]
192481,[]
174808,[]
192027,[]
193921,[]
176306,"['1%', '33%', '40%', '18%', '8%']"
74407,"['5%', '61%', '25%', '4%', '4%']"
191918,[]
181695,[]
189712,"['0%', '0%', '100%', '0%', '0%']"
193828,[]
12781,[]
190806,[]
193827,[]
193079,[]
199586,[]
177509,"['1%', '27%', '28%', '32%', '11%']"
127858,"['4%', '54%', '26%', '16%', '0%']"
24008,[]
39640,"['15%', '45%', '23%', '14%', '2%']"
83410,[]
193862,[]
191759,[]
35012,[]
193124,[]
183876,"['2%', '38%', '31%', '22%', '7%']"
191518,[]
185131,"['4%', '41%', '27%', '23%', '4%']"
171540,[]
191916,[]
172113,"['11%', '57%', '13%', '15%', '4%']"
175318,"['15%', '54%', '16%', '12%', '3%']"
192361,[]
140648,[]
191686,[]
30775,[]
146534,"['1%', '29%', '32%', '26%', '11%']"
165022,"['1%', '41%', '28%', '16%', '14%']"
154419,"['1%', '52%', '30%', '10%', '7%']"
34090,[]
193864,[]
191923,[]
182387,"['6%', '58%', '25%', '6%', '5%']"
189053,"['1%', '48%', '28%', '15%', '8%']"
190026,"['3%', '44%', '34%', '9%', '9%']"
187318,[]
191641,[]
191913,[]
182046,[]
173653,"['1%', '27%', '34%', '29%', '9%']"
179430,"['16%', '68%', '12%', '4%', '0%']"
132946,"['1%', '43%', '33%', '20%', '3%']"
19302,[]
130267,"['0%', '0%', '50%', '50%', '0%']"
57412,[]
103774,[]
18782,[]
189112,[]
191932,[]
164172,"['6%', '52%', '21%', '16%', '6%']"
180381,"['19%', '54%', '11%', '14%', '2%']"
188761,[]
170475,[]
193863,[]
189971,[]
182205,"['2%', '49%', '31%', '13%', '5%']"
175404,"['0%', '53%', '29%', '12%', '6%']"
168725,[]
190597,[]
180374,"['2%', '17%', '44%', '35%', '3%']"
177381,"['7%', '40%', '28%', '24%', '0%']"
171515,[]
174797,"['0%', '42%', '29%', '17%', '12%']"
189111,"['0%', '17%', '37%', '21%', '24%']"
49230,[]
198564,[]
189049,[]
182014,"['2%', '66%', '25%', '6%', '2%']"
188056,"['1%', '42%', '41%', '11%', '5%']"
175316,"['2%', '34%', '32%', '26%', '6%']"
164968,"['0%', '100%', '0%', '0%', '0%']"
164155,"['4%', '37%', '29%', '25%', '5%']"
201288,[]
187828,[]
185272,[]
172458,[]
157052,[]
154298,"['0%', '44%', '31%', '12%', '12%']"
142266,"['4%', '43%', '16%', '22%', '15%']"
206634,[]
189670,[]
191613,[]
172392,[]
201959,[]
179158,"['4%', '41%', '30%', '18%', '8%']"
187526,"['1%', '31%', '33%', '22%', '12%']"
192608,[]
184915,[]
188990,[]
142699,"['4%', '61%', '20%', '10%', '5%']"
104283,[]
179976,[]
182084,[]
188045,[]
196950,[]
190004,[]
203220,[]
192611,[]
174301,"['2%', '50%', '36%', '10%', '3%']"
189337,[]
150637,"['3%', '42%', '26%', '21%', '9%']"
140696,"['6%', '54%', '23%', '14%', '3%']"
181912,"['12%', '52%', '20%', '9%', '7%']"
168086,"['0%', '4%', '54%', '42%', '0%']"
179975,[]
168044,[]
99470,[]
171750,"['14%', '43%', '14%', '29%', '0%']"
167374,"['4%', '48%', '36%', '4%', '8%']"
192483,[]
169241,[]
192482,[]
86137,[]
162173,"['2%', '35%', '33%', '23%', '7%']"
146506,"['4%', '40%', '26%', '22%', '7%']"
121303,"['0%', '100%', '0%', '0%', '0%']"
137008,"['5%', '51%', '25%', '14%', '6%']"
154112,"['3%', '55%', '25%', '12%', '5%']"
134895,"['5%', '44%', '23%', '22%', '6%']"
144280,"['3%', '43%', '25%', '23%', '6%']"
146469,"['4%', '45%', '26%', '19%', '6%']"
127382,"['5%', '50%', '22%', '19%', '5%']"
142384,"['3%', '43%', '25%', '22%', '7%']"
146530,"['0%', '46%', '46%', '4%', '4%']"
142459,[]
143473,"['5%', '64%', '18%', '11%', '3%']"
142304,"['0%', '36%', '36%', '18%', '10%']"
175040,"['3%', '30%', '52%', '3%', '12%']"
13895,[]
174627,"['0%', '50%', '25%', '25%', '0%']"
144266,"['2%', '45%', '27%', '17%', '8%']"
172805,[]
194730,[]
193601,[]
154270,"['8%', '42%', '25%', '12%', '12%']"
187336,[]
168013,[]
168042,[]
149059,"['2%', '44%', '33%', '16%', '4%']"
164139,"['3%', '37%', '32%', '25%', '4%']"
10922,"['2%', '66%', '24%', '6%', '2%']"
39893,[]
167603,[]
179866,[]
181210,[]
56631,[]
10062,[]
180026,[]
146508,"['2%', '52%', '22%', '13%', '11%']"
160721,"['6%', '75%', '15%', '2%', '1%']"
141206,"['2%', '43%', '24%', '21%', '9%']"
157974,"['2%', '34%', '34%', '30%', '0%']"
63969,"['0%', '40%', '20%', '20%', '20%']"
58333,[]
99664,[]
168298,"['3%', '58%', '26%', '9%', '3%']"
38823,[]
140652,"['7%', '63%', '17%', '9%', '3%']"
168069,[]
83214,[]
163711,[]
186402,[]
179327,[]
193041,[]
146524,"['4%', '55%', '22%', '14%', '5%']"
153652,"['6%', '58%', '19%', '13%', '4%']"
120165,"['2%', '54%', '24%', '14%', '7%']"
172085,[]
200404,[]
41350,[]
74315,[]
93728,[]
167105,"['3%', '53%', '26%', '13%', '5%']"
91073,[]
76080,[]
82906,[]
164173,"['6%', '46%', '23%', '15%', '9%']"
165748,"['3%', '40%', '28%', '22%', '6%']"
84899,[]
110246,[]
182163,[]
159716,"['0%', '74%', '21%', '5%', '0%']"
164151,"['3%', '47%', '25%', '18%', '7%']"
92536,[]
10101,"['25%', '25%', '50%', '0%', '0%']"
148946,"['0%', '12%', '60%', '26%', '2%']"
159877,"['3%', '39%', '28%', '22%', '7%']"
155716,"['4%', '57%', '21%', '12%', '5%']"
173103,[]
168083,[]
47115,[]
30317,[]
186603,[]
72930,[]
182045,[]
175792,[]
159848,"['2%', '42%', '26%', '12%', '17%']"
159146,"['0%', '25%', '46%', '8%', '21%']"
145292,"['6%', '72%', '13%', '6%', '3%']"
186092,[]
167099,"['2%', '50%', '29%', '13%', '5%']"
92125,"['3%', '32%', '29%', '22%', '15%']"
192479,[]
184234,[]
183286,[]
184233,[]
177943,[]
65290,[]
53065,[]
144215,"['1%', '56%', '24%', '14%', '5%']"
184239,[]
192478,[]
171024,[]
31801,"['12%', '44%', '19%', '12%', '12%']"
154625,"['0%', '55%', '31%', '12%', '2%']"
168172,"['0%', '51%', '37%', '9%', '3%']"
159747,"['5%', '19%', '43%', '5%', '29%']"
37853,[]
37919,[]
83528,"['0%', '50%', '38%', '12%', '0%']"
172798,"['0%', '9%', '59%', '32%', '0%']"
161944,[]
169899,"['0%', '0%', '25%', '25%', '50%']"
160009,"['0%', '30%', '37%', '22%', '11%']"
148773,[]
39399,[]
140072,[]
179840,"['0%', '17%', '33%', '17%', '33%']"
162265,"['0%', '50%', '50%', '0%', '0%']"
75744,"['5%', '64%', '27%', '5%', '0%']"
42841,[]
72337,[]
154981,"['10%', '68%', '23%', '0%', '0%']"
146566,"['0%', '46%', '19%', '19%', '16%']"
159827,"['1%', '47%', '42%', '9%', '2%']"
175727,"['0%', '6%', '75%', '18%', '1%']"
162423,"['0%', '42%', '33%', '17%', '8%']"
159670,"['0%', '0%', '33%', '33%', '33%']"
172040,"['14%', '64%', '16%', '4%', '2%']"
159731,"['0%', '50%', '14%', '36%', '0%']"
167107,"['6%', '55%', '28%', '8%', '4%']"
75378,"['10%', '50%', '40%', '0%', '0%']"
172031,[]
54970,"['0%', '44%', '33%', '22%', '0%']"
163363,[]
159894,"['6%', '36%', '36%', '6%', '15%']"
177277,[]
18419,[]
172770,[]
192477,[]
184237,[]
153580,"['0%', '43%', '32%', '15%', '10%']"
181104,"['2%', '53%', '24%', '10%', '10%']"
184323,[]
142739,"['2%', '53%', '25%', '14%', '6%']"
99752,"['7%', '45%', '27%', '16%', '4%']"
167787,"['7%', '56%', '20%', '11%', '5%']"
159311,"['3%', '66%', '22%', '7%', '2%']"
184216,[]
180907,[]
192476,[]
170851,[]
192473,[]
192630,[]
192475,[]
192474,[]
177771,[]
154653,"['0%', '39%', '43%', '9%', '10%']"
163533,"['2%', '34%', '27%', '27%', '11%']"
152686,[]
172341,[]
164106,"['3%', '49%', '24%', '17%', '7%']"
152274,[]
152680,"['2%', '33%', '36%', '20%', '10%']"
167602,"['0%', '76%', '20%', '0%', '4%']"
113129,[]
98214,[]
183108,[]
179900,[]
184202,[]
159342,[]
165638,[]
184303,[]
210874,[]
165637,[]
159341,[]
85140,[]
103577,[]
136547,[]
121799,[]
16707,[]
88431,[]
152344,"['1%', '36%', '30%', '23%', '10%']"
192472,[]
182599,[]
182051,[]
190056,[]
163817,[]
173833,"['0%', '58%', '25%', '8%', '8%']"
137011,[]
158117,[]
99700,[]
121034,[]
181295,[]
111991,[]
107365,[]
144983,[]
168068,[]
43310,[]
182047,[]
171531,[]
157297,"['1%', '43%', '30%', '17%', '9%']"
172420,"['8%', '58%', '25%', '7%', '2%']"
181926,[]
152669,"['0%', '0%', '50%', '0%', '50%']"
154437,"['1%', '39%', '31%', '17%', '12%']"
179317,[]
182057,[]
163744,"['0%', '100%', '0%', '0%', '0%']"
140010,"['4%', '55%', '20%', '16%', '6%']"
170581,[]
168026,[]
179871,[]
182729,[]
153687,"['3%', '41%', '25%', '21%', '10%']"
96967,[]
134880,[]
192471,[]
175362,[]
111574,[]
173884,"['0%', '57%', '29%', '14%', '0%']"
179012,[]
167697,"['5%', '39%', '27%', '23%', '6%']"
179097,[]
176622,"['0%', '0%', '100%', '0%', '0%']"
167056,[]
172980,"['0%', '0%', '50%', '50%', '0%']"
178054,[]
182005,[]
143416,"['10%', '65%', '16%', '6%', '3%']"
171475,[]
156417,"['25%', '59%', '9%', '6%', '0%']"
153279,"['2%', '8%', '54%', '35%', '1%']"
145342,[]
178097,"['1%', '36%', '33%', '15%', '14%']"
172752,[]
127394,[]
165321,"['3%', '34%', '41%', '12%', '10%']"
126133,[]
92530,[]
149730,[]
158652,"['0%', '67%', '17%', '17%', '0%']"
174596,[]
132631,[]
145805,[]
176733,[]
49862,[]
113340,[]
127461,[]
181574,[]
177134,[]
172447,[]
155715,"['8%', '50%', '22%', '14%', '6%']"
159830,"['8%', '56%', '23%', '10%', '3%']"
199864,[]
158124,[]
89009,[]
168059,"['0%', '40%', '40%', '20%', '0%']"
182513,[]
177397,[]
178751,[]
195681,"['0%', '100%', '0%', '0%', '0%']"
179868,[]
168479,"['0%', '0%', '0%', '100%', '0%']"
176902,[]
171538,[]
168018,[]
192470,[]
31234,[]
142324,"['3%', '62%', '30%', '5%', '0%']"
156091,"['0%', '53%', '33%', '9%', '4%']"
175099,[]
148847,[]
180005,[]
182597,[]
157500,"['2%', '7%', '57%', '34%', '1%']"
133129,"['2%', '39%', '26%', '23%', '9%']"
140731,"['2%', '54%', '27%', '12%', '4%']"
172167,[]
172769,[]
113624,[]
109906,"['6%', '45%', '22%', '20%', '9%']"
171490,"['1%', '43%', '31%', '12%', '14%']"
163846,[]
47174,[]
167581,[]
178096,[]
169218,[]
128293,[]
133424,"['1%', '52%', '33%', '9%', '6%']"
172771,[]
191370,[]
57723,"['0%', '42%', '39%', '5%', '13%']"
36344,[]
58085,[]
35628,[]
32610,[]
48747,[]
66510,[]
191367,[]
37235,[]
34501,[]
73285,[]
89873,[]
146407,"['3%', '44%', '33%', '14%', '7%']"
35939,"['7%', '57%', '14%', '21%', '0%']"
37261,[]
49529,[]
121090,"['7%', '58%', '19%', '14%', '2%']"
91391,[]
35938,[]
89606,[]
34971,[]
36451,[]
62566,[]
158885,"['3%', '59%', '27%', '9%', '2%']"
50932,[]
152656,"['4%', '50%', '22%', '20%', '4%']"
30037,[]
36956,[]
65429,[]
39422,[]
66002,[]
136893,"['8%', '57%', '21%', '11%', '3%']"
35172,[]
88227,"['2%', '39%', '31%', '22%', '7%']"
40033,[]
39482,[]
58018,[]
41705,[]
30984,[]
52375,[]
143402,"['3%', '62%', '24%', '9%', '2%']"
83268,[]
143937,[]
45416,[]
51076,[]
149512,"['4%', '57%', '21%', '13%', '6%']"
55405,[]
158692,[]
164966,[]
192469,[]
172970,[]
151196,"['2%', '34%', '27%', '29%', '8%']"
158631,"['1%', '49%', '28%', '17%', '5%']"
179746,[]
156910,[]
146489,"['2%', '18%', '41%', '37%', '3%']"
178856,[]
74650,[]
169666,[]
172488,[]
162853,[]
168039,[]
158700,[]
178416,[]
143373,"['7%', '36%', '36%', '7%', '14%']"
145376,"['0%', '7%', '75%', '17%', '1%']"
191581,[]
143460,"['0%', '47%', '31%', '12%', '9%']"
192468,[]
178456,"['7%', '59%', '17%', '10%', '7%']"
152268,[]
110333,"['2%', '51%', '31%', '13%', '4%']"
168036,"['0%', '45%', '9%', '27%', '18%']"
163812,[]
15530,[]
34316,[]
41118,[]
27540,[]
62787,[]
26940,[]
42173,[]
172799,[]
152249,"['1%', '47%', '26%', '18%', '9%']"
92079,[]
185267,"['3%', '47%', '28%', '16%', '6%']"
181286,"['0%', '76%', '6%', '18%', '0%']"
165461,"['1%', '29%', '29%', '28%', '14%']"
152183,"['1%', '27%', '37%', '27%', '8%']"
164102,"['9%', '55%', '21%', '9%', '6%']"
160720,"['0%', '6%', '78%', '15%', '1%']"
152486,"['2%', '60%', '33%', '4%', '0%']"
155228,"['0%', '50%', '37%', '3%', '10%']"
156930,"['0%', '0%', '50%', '0%', '50%']"
147835,"['0%', '0%', '0%', '0%', '100%']"
172188,[]
10006,[]
101966,"['2%', '41%', '34%', '20%', '2%']"
47528,[]
66463,[]
45649,[]
149516,"['1%', '6%', '75%', '18%', '1%']"
134899,"['5%', '55%', '19%', '14%', '6%']"
151117,"['2%', '62%', '26%', '8%', '2%']"
138601,"['4%', '59%', '27%', '5%', '4%']"
147368,[]
161850,"['6%', '52%', '21%', '15%', '6%']"
58088,[]
130787,"['5%', '55%', '20%', '16%', '3%']"
36727,[]
34322,[]
10852,[]
16846,[]
92877,[]
60789,[]
75882,[]
165830,[]
169650,[]
41613,[]
73799,[]
137887,[]
60484,[]
17416,[]
29354,[]
38281,[]
175470,[]
199878,[]
10245,[]
168244,[]
201339,[]
178454,[]
100205,"['1%', '44%', '32%', '13%', '9%']"
170794,[]
158664,[]
152628,[]
174933,[]
16516,[]
112014,[]
123613,[]
127378,"['0%', '9%', '60%', '28%', '1%']"
164946,[]
157532,[]
181927,[]
146231,[]
164277,[]
158092,[]
152692,[]
47494,[]
144130,"['0%', '41%', '32%', '20%', '7%']"
154273,"['0%', '19%', '50%', '19%', '12%']"
117400,[]
176596,[]
171483,[]
85579,"['5%', '45%', '25%', '19%', '5%']"
74689,[]
175092,[]
116233,"['3%', '52%', '21%', '17%', '7%']"
175111,[]
184215,[]
190718,[]
28581,[]
174919,[]
12780,[]
167389,[]
37838,[]
88225,[]
194372,[]
194871,[]
162854,"['1%', '41%', '34%', '10%', '14%']"
173828,[]
166463,"['0%', '17%', '17%', '67%', '0%']"
168010,[]
206029,[]
180335,[]
173213,[]
170798,[]
163832,"['0%', '38%', '38%', '14%', '10%']"
162963,[]
44911,"['2%', '53%', '29%', '11%', '4%']"
168746,[]
178458,[]
140647,"['15%', '68%', '10%', '5%', '3%']"
171485,[]
171536,[]
153651,"['2%', '39%', '29%', '24%', '6%']"
171493,[]
174342,[]
30056,[]
26821,[]
174343,[]
164918,[]
47429,[]
164719,"['3%', '56%', '33%', '5%', '2%']"
15919,[]
157340,[]
152694,"['3%', '51%', '34%', '6%', '5%']"
172841,[]
172844,[]
152646,"['0%', '100%', '0%', '0%', '0%']"
10651,[]
58538,[]
16494,[]
167733,[]
10469,[]
146415,[]
172833,[]
155420,[]
129098,[]
163824,"['0%', '0%', '100%', '0%', '0%']"
158861,[]
172824,[]
144944,"['4%', '76%', '13%', '4%', '2%']"
178452,[]
156565,"['17%', '67%', '0%', '17%', '0%']"
187981,[]
188909,"['3%', '34%', '31%', '23%', '10%']"
154236,[]
143409,"['0%', '49%', '36%', '9%', '6%']"
98901,[]
167743,[]
124227,[]
154206,"['0%', '53%', '35%', '10%', '2%']"
134811,[]
153964,"['21%', '56%', '9%', '11%', '3%']"
144379,"['3%', '47%', '26%', '14%', '10%']"
127374,"['2%', '48%', '30%', '16%', '4%']"
172475,[]
169651,[]
158854,[]
65722,[]
167311,[]
137890,"['4%', '56%', '25%', '11%', '3%']"
156461,[]
172074,[]
155256,"['1%', '55%', '29%', '12%', '3%']"
181949,[]
167061,[]
158632,[]
163813,[]
168551,"['0%', '51%', '41%', '6%', '2%']"
168931,[]
159798,[]
151746,[]
171512,[]
159156,[]
157178,"['12%', '69%', '12%', '5%', '2%']"
182578,"['1%', '35%', '33%', '23%', '7%']"
152243,[]
171037,[]
194471,[]
164939,[]
124025,"['5%', '64%', '20%', '9%', '3%']"
125802,"['3%', '57%', '27%', '9%', '4%']"
144272,[]
129406,"['6%', '54%', '20%', '15%', '5%']"
144943,"['5%', '61%', '19%', '11%', '4%']"
160115,[]
40133,[]
149122,[]
144958,"['0%', '17%', '33%', '0%', '50%']"
124205,"['0%', '0%', '25%', '50%', '25%']"
158886,[]
119966,"['4%', '47%', '26%', '15%', '7%']"
45921,[]
97693,[]
129051,"['5%', '59%', '21%', '10%', '4%']"
144188,"['0%', '100%', '0%', '0%', '0%']"
106522,"['9%', '50%', '21%', '18%', '2%']"
140226,[]
107374,"['5%', '52%', '27%', '12%', '5%']"
149027,"['0%', '0%', '0%', '100%', '0%']"
124041,"['3%', '58%', '25%', '11%', '4%']"
142242,"['5%', '73%', '15%', '5%', '3%']"
115366,"['4%', '59%', '24%', '9%', '5%']"
71705,[]
127397,"['1%', '41%', '29%', '25%', '4%']"
103760,"['1%', '49%', '29%', '15%', '5%']"
132627,"['2%', '16%', '48%', '32%', '2%']"
151751,"['0%', '44%', '44%', '11%', '0%']"
147035,[]
160116,[]
167577,[]
154252,[]
156561,[]
121052,"['1%', '6%', '63%', '30%', '1%']"
140064,"['0%', '50%', '33%', '17%', '0%']"
165791,"['0%', '50%', '50%', '0%', '0%']"
172774,[]
158697,[]
125448,[]
143431,[]
167650,[]
73583,[]
89745,[]
33536,[]
51172,[]
83404,[]
150198,"['10%', '55%', '16%', '16%', '3%']"
165762,[]
166524,[]
158871,[]
167103,"['2%', '7%', '76%', '15%', '0%']"
191597,"['1%', '31%', '37%', '23%', '7%']"
146517,"['1%', '55%', '24%', '13%', '6%']"
140792,[]
158889,[]
170497,[]
158910,"['2%', '33%', '30%', '19%', '16%']"
137875,"['5%', '63%', '18%', '11%', '3%']"
113343,[]
18898,[]
147056,[]
140288,[]
151715,"['0%', '32%', '30%', '26%', '12%']"
14561,[]
142251,"['0%', '50%', '33%', '17%', '0%']"
159785,"['0%', '67%', '33%', '0%', '0%']"
154467,[]
170419,[]
162217,[]
162877,[]
146485,"['2%', '54%', '23%', '13%', '7%']"
47384,[]
163420,[]
142803,"['8%', '55%', '18%', '15%', '3%']"
44913,"['3%', '57%', '25%', '10%', '4%']"
123519,"['3%', '61%', '23%', '10%', '4%']"
154214,"['2%', '56%', '27%', '12%', '3%']"
115504,"['6%', '58%', '20%', '13%', '3%']"
140695,"['4%', '54%', '23%', '15%', '4%']"
154253,[]
168092,"['1%', '43%', '31%', '13%', '12%']"
163861,[]
153342,"['0%', '60%', '40%', '0%', '0%']"
167788,[]
137905,[]
115642,"['6%', '66%', '15%', '10%', '2%']"
177532,[]
52012,[]
158644,[]
115520,"['2%', '76%', '13%', '6%', '3%']"
139698,"['0%', '14%', '83%', '3%', '0%']"
146386,"['5%', '57%', '23%', '5%', '9%']"
158660,[]
122195,"['6%', '62%', '17%', '14%', '2%']"
140228,[]
147607,[]
159725,[]
154595,[]
33012,[]
127375,"['3%', '65%', '19%', '9%', '4%']"
144221,"['2%', '44%', '32%', '12%', '10%']"
159154,[]
154423,[]
100647,"['5%', '44%', '25%', '20%', '7%']"
118955,"['3%', '33%', '42%', '17%', '6%']"
134859,"['4%', '49%', '18%', '22%', '8%']"
137344,[]
155025,[]
153656,[]
125444,"['6%', '42%', '23%', '25%', '5%']"
136884,[]
144938,"['2%', '17%', '57%', '23%', '1%']"
159727,[]
135011,[]
129066,[]
154461,"['1%', '73%', '21%', '2%', '2%']"
127322,"['0%', '25%', '25%', '25%', '25%']"
153366,[]
13432,[]
158891,[]
154430,[]
153727,[]
154407,[]
168942,[]
159776,[]
149729,[]
156465,"['0%', '50%', '31%', '10%', '8%']"
162397,[]
24219,[]
144355,"['0%', '6%', '66%', '28%', '0%']"
140233,[]
201168,[]
119653,[]
143435,"['3%', '54%', '29%', '11%', '3%']"
164915,[]
127114,[]
164933,[]
143495,"['4%', '50%', '23%', '16%', '7%']"
144945,"['2%', '14%', '62%', '21%', '1%']"
157243,"['6%', '61%', '18%', '8%', '7%']"
137952,"['3%', '50%', '24%', '16%', '6%']"
104083,[]
139358,[]
159726,[]
163335,[]
149776,[]
105389,"['0%', '60%', '20%', '20%', '0%']"
143437,"['7%', '54%', '19%', '19%', '2%']"
155021,[]
197191,[]
129383,"['7%', '58%', '18%', '14%', '3%']"
206517,[]
186893,[]
53280,"['0%', '75%', '25%', '0%', '0%']"
137906,[]
159705,[]
143366,[]
158614,[]
167569,"['3%', '44%', '42%', '9%', '2%']"
152684,"['2%', '61%', '26%', '8%', '4%']"
163684,[]
134863,[]
157133,[]
137346,"['2%', '39%', '30%', '19%', '10%']"
120791,"['2%', '48%', '24%', '21%', '6%']"
158694,[]
75395,[]
156494,[]
119144,[]
145139,[]
149096,[]
101859,[]
158565,[]
147991,[]
157292,[]
78181,[]
154397,[]
144920,[]
197082,[]
158643,[]
154379,"['3%', '37%', '42%', '11%', '7%']"
154415,[]
162205,[]
151868,[]
125405,"['4%', '67%', '20%', '7%', '3%']"
144946,[]
148905,[]
142165,[]
164921,[]
184339,[]
17124,[]
153347,[]
142380,[]
137938,[]
147096,[]
36401,[]
145011,[]
149088,[]
114282,"['7%', '72%', '14%', '6%', '2%']"
170823,[]
156581,[]
130966,"['5%', '49%', '25%', '18%', '4%']"
132933,"['5%', '47%', '23%', '20%', '5%']"
152617,[]
140203,[]
113344,"['8%', '61%', '15%', '13%', '3%']"
133427,[]
158856,[]
155802,[]
63174,[]
50176,[]
74866,"['2%', '45%', '29%', '19%', '4%']"
65540,[]
119430,"['3%', '55%', '27%', '13%', '2%']"
58280,[]
68217,[]
122518,[]
144870,[]
180173,[]
156534,[]
52379,[]
158858,[]
119464,[]
154374,[]
140787,"['1%', '36%', '28%', '19%', '15%']"
124202,[]
72327,[]
184859,"['0%', '0%', '33%', '33%', '33%']"
154497,[]
144954,[]
121037,[]
149762,[]
203229,[]
119617,[]
27589,[]
75397,[]
98467,[]
125421,"['7%', '47%', '21%', '22%', '3%']"
102700,[]
144951,[]
155804,[]
158563,[]
98146,[]
165770,[]
155836,[]
109960,"['3%', '49%', '30%', '15%', '2%']"
154453,[]
131665,[]
200584,[]
103627,[]
145899,[]
141187,[]
162269,[]
114286,"['9%', '70%', '10%', '6%', '4%']"
110545,[]
67627,[]
114247,"['0%', '34%', '32%', '23%', '11%']"
151290,[]
184605,"['0%', '0%', '100%', '0%', '0%']"
137925,[]
156118,[]
93035,[]
28813,[]
146185,[]
147021,[]
149076,[]
133455,[]
146161,[]
191646,[]
154434,[]
155315,[]
140719,"['0%', '38%', '33%', '24%', '5%']"
125423,"['0%', '56%', '21%', '12%', '12%']"
149426,[]
155544,[]
124042,"['12%', '60%', '15%', '10%', '3%']"
142372,"['19%', '67%', '10%', '5%', '0%']"
115977,"['4%', '49%', '26%', '16%', '5%']"
130658,[]
128723,[]
84126,[]
154250,[]
167599,"['0%', '3%', '54%', '41%', '2%']"
172731,[]
10323,"['5%', '44%', '27%', '16%', '7%']"
136859,"['1%', '46%', '35%', '10%', '8%']"
167724,[]
106450,[]
84397,[]
137971,"['2%', '56%', '24%', '11%', '8%']"
151248,[]
114225,"['4%', '50%', '25%', '16%', '5%']"
65007,[]
98296,[]
118974,"['2%', '68%', '19%', '8%', '3%']"
112041,"['2%', '53%', '33%', '8%', '4%']"
48246,[]
149761,[]
154279,[]
114263,"['0%', '31%', '31%', '23%', '15%']"
74205,[]
76793,[]
100078,[]
146350,[]
122393,[]
127383,"['9%', '30%', '39%', '22%', '0%']"
149736,[]
64080,[]
36818,[]
149074,[]
151759,[]
156475,[]
196976,[]
189620,"['4%', '13%', '57%', '22%', '4%']"
52747,[]
78594,[]
312662,[]
72058,"['12%', '75%', '0%', '12%', '0%']"
10440,[]
35901,"['18%', '47%', '24%', '6%', '6%']"
150829,[]
152700,[]
109905,"['3%', '54%', '29%', '11%', '3%']"
38420,[]
31283,[]
49857,[]
137982,[]
74027,"['8%', '64%', '15%', '9%', '3%']"
40098,[]
181030,"['8%', '42%', '8%', '42%', '0%']"
19066,[]
91107,[]
146184,[]
134584,[]
142370,[]
144271,"['0%', '100%', '0%', '0%', '0%']"
119720,[]
68535,[]
83001,[]
80866,[]
158347,[]
154491,[]
61865,[]
37758,[]
129012,"['5%', '64%', '21%', '6%', '3%']"
103331,"['2%', '41%', '22%', '17%', '17%']"
124212,"['3%', '47%', '23%', '18%', '8%']"
171549,[]
67769,"['2%', '51%', '31%', '12%', '4%']"
99794,[]
87232,[]
73096,[]
153343,[]
129824,[]
151867,[]
130041,"['0%', '86%', '0%', '0%', '14%']"
152696,[]
136007,"['5%', '58%', '23%', '9%', '4%']"
144141,[]
149382,[]
118917,"['4%', '61%', '19%', '10%', '5%']"
154195,[]
103271,[]
133443,[]
109955,"['7%', '58%', '26%', '7%', '2%']"
10392,[]
31683,[]
105578,[]
73402,[]
133421,[]
143370,[]
193839,"['0%', '19%', '37%', '33%', '11%']"
104478,"['8%', '49%', '20%', '12%', '12%']"
149843,[]
149376,[]
129093,[]
166149,[]
127865,"['3%', '51%', '24%', '15%', '7%']"
147533,[]
102295,[]
146181,[]
97694,[]
18098,[]
134871,[]
141579,[]
130983,"['2%', '51%', '23%', '20%', '4%']"
134881,[]
156495,[]
129331,"['0%', '64%', '22%', '9%', '5%']"
129049,"['4%', '51%', '25%', '17%', '4%']"
122469,"['7%', '49%', '27%', '14%', '3%']"
52449,[]
65091,[]
148971,[]
192121,"['0%', '0%', '50%', '50%', '0%']"
106280,[]
50598,[]
162000,[]
106557,"['7%', '62%', '17%', '14%', '0%']"
129333,"['4%', '55%', '23%', '11%', '9%']"
95541,"['4%', '39%', '26%', '25%', '6%']"
172819,"['0%', '32%', '44%', '23%', '1%']"
117802,"['1%', '64%', '25%', '4%', '5%']"
177553,[]
154085,[]
40117,[]
96325,[]
184505,[]
149402,[]
143398,[]
122596,"['1%', '9%', '63%', '26%', '1%']"
118980,"['0%', '47%', '13%', '40%', '0%']"
127867,[]
90596,"['5%', '56%', '24%', '11%', '4%']"
15899,"['0%', '55%', '45%', '0%', '0%']"
14957,[]
89323,[]
127335,"['1%', '46%', '30%', '16%', '7%']"
103353,[]
69956,"['3%', '43%', '28%', '21%', '4%']"
86785,[]
107352,"['0%', '40%', '37%', '13%', '10%']"
79102,[]
160500,[]
132590,[]
149718,[]
154194,[]
142081,[]
105576,[]
79196,[]
118950,"['5%', '63%', '19%', '9%', '3%']"
19303,"['50%', '50%', '0%', '0%', '0%']"
18781,"['2%', '29%', '39%', '28%', '3%']"
103708,"['9%', '48%', '27%', '16%', '0%']"
143733,[]
73301,[]
32686,"['11%', '60%', '19%', '9%', '1%']"
120600,[]
101961,"['0%', '50%', '37%', '13%', '0%']"
30776,[]
88295,[]
94187,"['8%', '49%', '25%', '16%', '2%']"
89361,[]
73318,"['0%', '0%', '100%', '0%', '0%']"
112039,"['8%', '63%', '18%', '8%', '3%']"
101236,"['10%', '52%', '22%', '13%', '3%']"
117790,"['15%', '49%', '19%', '14%', '3%']"
105521,"['11%', '50%', '19%', '16%', '4%']"
88426,"['17%', '50%', '33%', '0%', '0%']"
122535,"['7%', '58%', '20%', '11%', '3%']"
154076,[]
120123,"['2%', '55%', '26%', '14%', '4%']"
93739,"['7%', '34%', '29%', '25%', '4%']"
108225,"['6%', '44%', '28%', '18%', '4%']"
177720,[]
112079,"['5%', '55%', '27%', '10%', '4%']"
32972,[]
93028,"['2%', '45%', '35%', '18%', '0%']"
72222,[]
40743,[]
42846,[]
44477,[]
51560,[]
76067,[]
80632,[]
99096,"['5%', '47%', '27%', '15%', '6%']"
158228,[]
61101,"['0%', '60%', '10%', '30%', '0%']"
137960,[]
137993,[]
126950,[]
92127,[]
80973,[]
80627,[]
76442,[]
109778,"['6%', '59%', '23%', '9%', '3%']"
143367,[]
154200,[]
87309,"['0%', '75%', '15%', '6%', '4%']"
114249,"['3%', '64%', '23%', '7%', '3%']"
165087,[]
88662,[]
136861,[]
127481,[]
114279,[]
190727,"['0%', '67%', '33%', '0%', '0%']"
109102,[]
122473,"['5%', '51%', '20%', '19%', '6%']"
134558,[]
49079,[]
94975,[]
127321,"['2%', '37%', '32%', '17%', '11%']"
122490,[]
154198,[]
102862,[]
37928,[]
146212,"['0%', '64%', '9%', '0%', '27%']"
21636,[]
41622,[]
42381,[]
198969,[]
101973,[]
42455,[]
71075,[]
25676,[]
109982,"['6%', '56%', '21%', '12%', '5%']"
74893,[]
195970,"['9%', '50%', '22%', '9%', '9%']"
110648,[]
126745,[]
125841,"['7%', '20%', '45%', '26%', '2%']"
154582,[]
72184,[]
76437,[]
45290,"['8%', '50%', '22%', '16%', '5%']"
140272,[]
118909,"['4%', '62%', '24%', '7%', '3%']"
37488,[]
46153,[]
72524,"['0%', '0%', '100%', '0%', '0%']"
38699,[]
31162,[]
83414,[]
10035,[]
178654,"['0%', '50%', '25%', '12%', '12%']"
164115,"['4%', '42%', '24%', '20%', '10%']"
82227,[]
113377,"['5%', '38%', '32%', '18%', '8%']"
10629,[]
75422,[]
13353,[]
28166,[]
69798,[]
188996,[]
95876,[]
38064,[]
103328,[]
71509,[]
178398,[]
194946,[]
12821,[]
125044,[]
93744,[]
154196,[]
130997,[]
109095,"['2%', '66%', '27%', '3%', '1%']"
16792,"['0%', '0%', '50%', '50%', '0%']"
149248,"['10%', '57%', '16%', '14%', '4%']"
109169,"['2%', '82%', '14%', '2%', '0%']"
99933,[]
100676,"['1%', '50%', '41%', '7%', '1%']"
94829,"['4%', '58%', '22%', '8%', '7%']"
134567,[]
137908,"['3%', '39%', '37%', '19%', '3%']"
113348,"['9%', '59%', '16%', '11%', '5%']"
118397,"['0%', '43%', '14%', '0%', '43%']"
99740,"['7%', '46%', '24%', '20%', '4%']"
97697,[]
191929,"['0%', '50%', '50%', '0%', '0%']"
92075,"['6%', '63%', '21%', '5%', '4%']"
73508,[]
52555,"['0%', '62%', '25%', '12%', '0%']"
90589,"['6%', '52%', '25%', '14%', '3%']"
88461,[]
79394,[]
66158,"['2%', '43%', '28%', '13%', '13%']"
91696,[]
92176,[]
29691,[]
118367,"['6%', '45%', '19%', '24%', '5%']"
29146,[]
34436,[]
39633,[]
71077,[]
10964,[]
34162,[]
148912,[]
12787,"['2%', '60%', '19%', '5%', '14%']"
86900,[]
125438,"['1%', '9%', '42%', '48%', '0%']"
137327,"['1%', '38%', '34%', '22%', '5%']"
39576,[]
39471,[]
155411,"['3%', '50%', '24%', '16%', '7%']"
160749,"['6%', '61%', '18%', '11%', '4%']"
162824,"['0%', '17%', '45%', '32%', '6%']"
184506,[]
62237,[]
96969,[]
115814,[]
158216,[]
12222,[]
17092,[]
38740,[]
91510,[]
35071,[]
125494,"['2%', '41%', '36%', '18%', '3%']"
68196,[]
32680,[]
31195,[]
195965,[]
97631,"['2%', '43%', '30%', '20%', '5%']"
72054,"['6%', '38%', '50%', '6%', '0%']"
18878,"['0%', '17%', '46%', '33%', '4%']"
91192,"['2%', '55%', '30%', '10%', '3%']"
17692,[]
18174,[]
168079,[]
85702,[]
103765,"['6%', '58%', '29%', '3%', '5%']"
82142,[]
76692,[]
97858,"['7%', '60%', '26%', '6%', '1%']"
75508,[]
56612,[]
61845,[]
46875,[]
83864,[]
46831,[]
151709,[]
31778,[]
70999,[]
81834,[]
65877,[]
84034,[]
184956,[]
86507,[]
29285,[]
51786,[]
190856,[]
97612,"['3%', '58%', '29%', '8%', '3%']"
113318,[]
81106,[]
72359,[]
80629,[]
66823,[]
189150,"['2%', '35%', '34%', '20%', '9%']"
100691,"['5%', '44%', '32%', '16%', '2%']"
43157,[]
103324,"['2%', '8%', '63%', '26%', '1%']"
36857,[]
32899,[]
191079,[]
95203,"['7%', '68%', '20%', '6%', '0%']"
185080,[]
11687,[]
78726,"['0%', '100%', '0%', '0%', '0%']"
124290,"['1%', '61%', '31%', '7%', '1%']"
88238,[]
166096,[]
83712,[]
86335,"['0%', '0%', '100%', '0%', '0%']"
32667,"['0%', '67%', '33%', '0%', '0%']"
78790,[]
10546,"['4%', '58%', '29%', '5%', '4%']"
89218,[]
31465,[]
11031,"['0%', '60%', '20%', '0%', '20%']"
119457,"['1%', '69%', '22%', '6%', '2%']"
99493,[]
12415,[]
51777,"['0%', '57%', '43%', '0%', '0%']"
25670,"['1%', '61%', '35%', '1%', '1%']"
98279,"['0%', '75%', '25%', '0%', '0%']"
73317,[]
95334,"['0%', '60%', '20%', '20%', '0%']"
12007,[]
11840,[]
179802,[]
88253,[]
109662,[]
41377,[]
36565,[]
107923,"['4%', '65%', '22%', '6%', '2%']"
65674,[]
102648,"['9%', '44%', '24%', '18%', '5%']"
119412,"['3%', '40%', '26%', '23%', '8%']"
12918,"['8%', '42%', '25%', '8%', '17%']"
85659,[]
93752,[]
20305,[]
81888,[]
88292,[]
129256,[]
10410,[]
16579,[]
62328,[]
38906,[]
31565,"['0%', '50%', '50%', '0%', '0%']"
17162,[]
30487,[]
37151,[]
101700,[]
76020,"['5%', '19%', '52%', '23%', '1%']"
100950,[]
95583,[]
37073,[]
66464,"['0%', '100%', '0%', '0%', '0%']"
175284,[]
28214,[]
78845,"['0%', '49%', '31%', '12%', '7%']"
30911,[]
31940,"['9%', '63%', '16%', '6%', '6%']"
73509,[]
53813,[]
204137,[]
10742,[]
84189,[]
73434,[]
47321,"['2%', '56%', '28%', '8%', '6%']"
37686,[]
96031,"['5%', '64%', '29%', '1%', '1%']"
23934,[]
17367,[]
38551,[]
72013,[]
31310,[]
18988,[]
85633,[]
64686,"['0%', '40%', '40%', '20%', '0%']"
45477,[]
89757,"['12%', '56%', '6%', '19%', '6%']"
66067,[]
52103,[]
95331,[]
74610,"['6%', '68%', '19%', '5%', '2%']"
52515,"['8%', '59%', '23%', '6%', '4%']"
51132,[]
169643,"['1%', '4%', '56%', '36%', '2%']"
33332,[]
10300,[]
19074,[]
10065,[]
69991,[]
43500,[]
63852,[]
52290,[]
87311,[]
68695,[]
82428,[]
40041,[]
150688,"['2%', '9%', '55%', '32%', '2%']"
39809,"['14%', '57%', '29%', '0%', '0%']"
14397,[]
34076,[]
66091,"['14%', '59%', '9%', '11%', '7%']"
151259,[]
82283,"['0%', '25%', '50%', '25%', '0%']"
62586,"['17%', '48%', '28%', '2%', '4%']"
37439,"['0%', '39%', '33%', '17%', '11%']"
43513,[]
65769,[]
52541,[]
62175,[]
117788,[]
61503,[]
85141,"['0%', '50%', '50%', '0%', '0%']"
77197,[]
38835,[]
36839,[]
39345,[]
198962,[]
36044,[]
104426,"['4%', '75%', '17%', '2%', '3%']"
92070,[]
66584,[]
76377,[]
56058,[]
31269,[]
73018,[]
74309,[]
86381,[]
42493,[]
13500,[]
52506,[]
57488,[]
69689,[]
33759,[]
52551,[]
76454,[]
62560,[]
10519,[]
27544,[]
97692,"['3%', '23%', '45%', '27%', '2%']"
123630,"['3%', '45%', '32%', '18%', '3%']"
17159,"['5%', '56%', '27%', '12%', '1%']"
36343,[]
142458,[]
88244,[]
87308,[]
66253,[]
109193,"['4%', '30%', '31%', '33%', '3%']"
132626,"['2%', '18%', '49%', '30%', '1%']"
39857,[]
34522,[]
68587,[]
10980,[]
63159,[]
49728,[]
56227,[]
10002,"['2%', '61%', '18%', '16%', '2%']"
67768,[]
77128,[]
83546,[]
35273,[]
59075,"['3%', '42%', '22%', '28%', '6%']"
39676,[]
38738,[]
52245,[]
53307,[]
38836,[]
176008,[]
61061,[]
26679,[]
69940,[]
79566,[]
78160,[]
86801,[]
74632,[]
87301,[]
43151,[]
10004,[]
43838,[]
60488,[]
42810,[]
10003,"['0%', '45%', '52%', '3%', '0%']"
73411,[]
46869,[]
50583,[]
51700,[]
80219,"['0%', '28%', '50%', '14%', '8%']"
38347,[]
151889,[]
118966,"['0%', '4%', '61%', '33%', '1%']"
77761,[]
158217,[]
154462,[]
176630,[]
31307,[]
128162,[]
88470,[]
92069,"['3%', '52%', '24%', '16%', '4%']"
142201,"['0%', '67%', '0%', '0%', '33%']"
52528,[]
33422,[]
76651,"['1%', '7%', '63%', '27%', '2%']"
70251,[]
64354,[]
68944,[]
61060,[]
115316,[]
28795,[]
100643,"['7%', '59%', '17%', '13%', '4%']"
75129,[]
31159,[]
17173,"['0%', '33%', '61%', '6%', '0%']"
95328,[]
197870,[]
37937,"['1%', '30%', '24%', '14%', '30%']"
108776,[]
32240,[]
49336,"['8%', '60%', '15%', '10%', '8%']"
132611,[]
97826,[]
134318,[]
42253,[]
204164,[]
39708,[]
38898,[]
94170,[]
93930,[]
71499,[]
51918,[]
168402,[]
81243,[]
121310,[]
29102,[]
46752,[]
11300,[]
26677,[]
46753,[]
87556,"['0%', '44%', '56%', '0%', '0%']"
30786,[]
74451,[]
82014,[]
40211,[]
102241,[]
154212,[]
86843,"['0%', '71%', '29%', '0%', '0%']"
52553,"['5%', '67%', '21%', '5%', '3%']"
17458,[]
34225,"['33%', '67%', '0%', '0%', '0%']"
68437,[]
72062,[]
39846,[]
18865,[]
31068,[]
29712,[]
43574,[]
36755,[]
91505,[]
72043,[]
77566,[]
38227,"['5%', '68%', '15%', '7%', '5%']"
74567,[]
38572,[]
